-- ============================================================
-- F&B Multi-Platform Management Application
-- Seed Data Migration (Development Only)
-- Version: 1.0
-- Date: 2026-03-11
--
-- WARNING: This migration contains DEVELOPMENT-ONLY test data.
-- Do NOT run this in production environments.
--
-- Creates: test outlet, users (all 5 roles), categories,
-- menu items, ingredients, recipes, inventory, and tables
-- with realistic Vietnamese F&B data.
--
-- Dependencies: 001_initial_schema.sql
-- ============================================================

-- ============================================================
-- IMPORTANT: Supabase Auth Setup (Manual Steps Required)
-- ============================================================
-- The users table references auth.users(id). Before this migration
-- can succeed, the following auth users MUST be created in the
-- Supabase Auth dashboard (Authentication > Users > Add User)
-- or via the Supabase Management API:
--
--   Email                  | Password     | UID (must match below)
--   -----------------------|--------------|--------------------------------------
--   owner@test.com         | Test1234!    | a0000000-0000-0000-0000-000000000001
--   manager@test.com       | Test1234!    | a0000000-0000-0000-0000-000000000002
--   staff@test.com         | Test1234!    | a0000000-0000-0000-0000-000000000003
--   cashier@test.com       | Test1234!    | a0000000-0000-0000-0000-000000000004
--   warehouse@test.com     | Test1234!    | a0000000-0000-0000-0000-000000000005
--
-- If using the Supabase local dev stack (supabase start), you can
-- insert directly into auth.users as shown in the DO block below.
-- For hosted Supabase, create these users via the dashboard first.
-- ============================================================

BEGIN;

-- ============================================================
-- 0. Deterministic UUIDs for referential integrity
-- ============================================================
-- Using fixed UUIDs so all references are consistent and the
-- migration is idempotent (can detect existing data).

-- Outlet
-- b0000000-0000-0000-0000-000000000001

-- Users (must match auth.users entries)
-- a0000000-0000-0000-0000-000000000001  owner
-- a0000000-0000-0000-0000-000000000002  manager
-- a0000000-0000-0000-0000-000000000003  staff
-- a0000000-0000-0000-0000-000000000004  cashier
-- a0000000-0000-0000-0000-000000000005  warehouse

-- Categories
-- c0000000-0000-0000-0000-000000000001  Mon chinh
-- c0000000-0000-0000-0000-000000000002  Mon phu
-- c0000000-0000-0000-0000-000000000003  Do uong
-- c0000000-0000-0000-0000-000000000004  Trang mieng

-- Menu items
-- d0000000-0000-0000-0000-000000000001  Pho Bo
-- d0000000-0000-0000-0000-000000000002  Bun Cha
-- d0000000-0000-0000-0000-000000000003  Com Tam
-- d0000000-0000-0000-0000-000000000004  Bun Bo Hue
-- d0000000-0000-0000-0000-000000000005  Goi Cuon
-- d0000000-0000-0000-0000-000000000006  Cha Gio
-- d0000000-0000-0000-0000-000000000007  Goi Du Du
-- d0000000-0000-0000-0000-000000000008  Tra Da
-- d0000000-0000-0000-0000-000000000009  Ca Phe Sua
-- d0000000-0000-0000-0000-00000000000a  Nuoc Chanh
-- d0000000-0000-0000-0000-00000000000b  Che Thai

-- Ingredients
-- e0000000-0000-0000-0000-000000000001  Bun
-- e0000000-0000-0000-0000-000000000002  Thit bo
-- e0000000-0000-0000-0000-000000000003  Nuoc dung
-- e0000000-0000-0000-0000-000000000004  Rau song
-- e0000000-0000-0000-0000-000000000005  Thit heo
-- e0000000-0000-0000-0000-000000000006  Bot chien
-- e0000000-0000-0000-0000-000000000007  Ca phe
-- e0000000-0000-0000-0000-000000000008  Duong

-- Tables
-- f0000000-0000-0000-0000-000000000001 .. 000000000008


-- ============================================================
-- 1. Create auth.users entries (local dev only)
-- ============================================================
-- This block inserts into auth.users for the local Supabase dev
-- stack. On hosted Supabase, these must be created via the
-- dashboard (see instructions above) and this block can be
-- removed or will no-op due to ON CONFLICT.

INSERT INTO auth.users (
    id,
    instance_id,
    aud,
    role,
    email,
    encrypted_password,
    email_confirmed_at,
    raw_app_meta_data,
    raw_user_meta_data,
    created_at,
    updated_at,
    confirmation_token,
    recovery_token
) VALUES
    (
        'a0000000-0000-0000-0000-000000000001',
        '00000000-0000-0000-0000-000000000000',
        'authenticated',
        'authenticated',
        'owner@test.com',
        crypt('Test1234!', gen_salt('bf')),
        now(),
        '{"provider": "email", "providers": ["email"], "role": "owner"}'::jsonb,
        '{"name": "Nguyễn Văn An"}'::jsonb,
        now(),
        now(),
        '',
        ''
    ),
    (
        'a0000000-0000-0000-0000-000000000002',
        '00000000-0000-0000-0000-000000000000',
        'authenticated',
        'authenticated',
        'manager@test.com',
        crypt('Test1234!', gen_salt('bf')),
        now(),
        '{"provider": "email", "providers": ["email"], "role": "manager"}'::jsonb,
        '{"name": "Trần Thị Bình"}'::jsonb,
        now(),
        now(),
        '',
        ''
    ),
    (
        'a0000000-0000-0000-0000-000000000003',
        '00000000-0000-0000-0000-000000000000',
        'authenticated',
        'authenticated',
        'staff@test.com',
        crypt('Test1234!', gen_salt('bf')),
        now(),
        '{"provider": "email", "providers": ["email"], "role": "staff"}'::jsonb,
        '{"name": "Lê Văn Cường"}'::jsonb,
        now(),
        now(),
        '',
        ''
    ),
    (
        'a0000000-0000-0000-0000-000000000004',
        '00000000-0000-0000-0000-000000000000',
        'authenticated',
        'authenticated',
        'cashier@test.com',
        crypt('Test1234!', gen_salt('bf')),
        now(),
        '{"provider": "email", "providers": ["email"], "role": "cashier"}'::jsonb,
        '{"name": "Phạm Thị Dung"}'::jsonb,
        now(),
        now(),
        '',
        ''
    ),
    (
        'a0000000-0000-0000-0000-000000000005',
        '00000000-0000-0000-0000-000000000000',
        'authenticated',
        'authenticated',
        'warehouse@test.com',
        crypt('Test1234!', gen_salt('bf')),
        now(),
        '{"provider": "email", "providers": ["email"], "role": "warehouse"}'::jsonb,
        '{"name": "Hoàng Văn Em"}'::jsonb,
        now(),
        now(),
        '',
        ''
    )
ON CONFLICT (id) DO NOTHING;

-- Also create identity entries so email/password login works locally
INSERT INTO auth.identities (
    id,
    user_id,
    identity_data,
    provider,
    provider_id,
    last_sign_in_at,
    created_at,
    updated_at
) VALUES
    (
        'a0000000-0000-0000-0000-000000000001',
        'a0000000-0000-0000-0000-000000000001',
        '{"sub": "a0000000-0000-0000-0000-000000000001", "email": "owner@test.com"}'::jsonb,
        'email',
        'a0000000-0000-0000-0000-000000000001',
        now(), now(), now()
    ),
    (
        'a0000000-0000-0000-0000-000000000002',
        'a0000000-0000-0000-0000-000000000002',
        '{"sub": "a0000000-0000-0000-0000-000000000002", "email": "manager@test.com"}'::jsonb,
        'email',
        'a0000000-0000-0000-0000-000000000002',
        now(), now(), now()
    ),
    (
        'a0000000-0000-0000-0000-000000000003',
        'a0000000-0000-0000-0000-000000000003',
        '{"sub": "a0000000-0000-0000-0000-000000000003", "email": "staff@test.com"}'::jsonb,
        'email',
        'a0000000-0000-0000-0000-000000000003',
        now(), now(), now()
    ),
    (
        'a0000000-0000-0000-0000-000000000004',
        'a0000000-0000-0000-0000-000000000004',
        '{"sub": "a0000000-0000-0000-0000-000000000004", "email": "cashier@test.com"}'::jsonb,
        'email',
        'a0000000-0000-0000-0000-000000000004',
        now(), now(), now()
    ),
    (
        'a0000000-0000-0000-0000-000000000005',
        'a0000000-0000-0000-0000-000000000005',
        '{"sub": "a0000000-0000-0000-0000-000000000005", "email": "warehouse@test.com"}'::jsonb,
        'email',
        'a0000000-0000-0000-0000-000000000005',
        now(), now(), now()
    )
ON CONFLICT DO NOTHING;


-- ============================================================
-- 2. Outlet
-- ============================================================

INSERT INTO outlets (id, name, address, timezone)
VALUES (
    'b0000000-0000-0000-0000-000000000001',
    'Nhà Hàng Test',
    '123 Nguyễn Huệ, Quận 1, TP.HCM',
    'Asia/Ho_Chi_Minh'
)
ON CONFLICT (id) DO NOTHING;


-- ============================================================
-- 3. Users (public.users profiles)
-- ============================================================

INSERT INTO users (id, name, email, role, outlet_id) VALUES
    ('a0000000-0000-0000-0000-000000000001', 'Nguyễn Văn An',   'owner@test.com',     'owner',     'b0000000-0000-0000-0000-000000000001'),
    ('a0000000-0000-0000-0000-000000000002', 'Trần Thị Bình',   'manager@test.com',   'manager',   'b0000000-0000-0000-0000-000000000001'),
    ('a0000000-0000-0000-0000-000000000003', 'Lê Văn Cường',    'staff@test.com',     'staff',     'b0000000-0000-0000-0000-000000000001'),
    ('a0000000-0000-0000-0000-000000000004', 'Phạm Thị Dung',   'cashier@test.com',   'cashier',   'b0000000-0000-0000-0000-000000000001'),
    ('a0000000-0000-0000-0000-000000000005', 'Hoàng Văn Em',    'warehouse@test.com', 'warehouse', 'b0000000-0000-0000-0000-000000000001')
ON CONFLICT (id) DO NOTHING;


-- ============================================================
-- 4. Categories
-- ============================================================

INSERT INTO categories (id, outlet_id, name, sort_order, is_active) VALUES
    ('c0000000-0000-0000-0000-000000000001', 'b0000000-0000-0000-0000-000000000001', 'Món chính',    1, true),
    ('c0000000-0000-0000-0000-000000000002', 'b0000000-0000-0000-0000-000000000001', 'Món phụ',      2, true),
    ('c0000000-0000-0000-0000-000000000003', 'b0000000-0000-0000-0000-000000000001', 'Đồ uống',      3, true),
    ('c0000000-0000-0000-0000-000000000004', 'b0000000-0000-0000-0000-000000000001', 'Tráng miệng',  4, true)
ON CONFLICT (id) DO NOTHING;


-- ============================================================
-- 5. Menu Items
-- ============================================================
-- Prices are in VND (no decimals per DECIMAL(12,0) column type)

-- Món chính (Main dishes)
INSERT INTO menu_items (id, outlet_id, name, price, category_id, is_active) VALUES
    ('d0000000-0000-0000-0000-000000000001', 'b0000000-0000-0000-0000-000000000001', 'Phở Bò',       45000, 'c0000000-0000-0000-0000-000000000001', true),
    ('d0000000-0000-0000-0000-000000000002', 'b0000000-0000-0000-0000-000000000001', 'Bún Chả',      40000, 'c0000000-0000-0000-0000-000000000001', true),
    ('d0000000-0000-0000-0000-000000000003', 'b0000000-0000-0000-0000-000000000001', 'Cơm Tấm',      35000, 'c0000000-0000-0000-0000-000000000001', true),
    ('d0000000-0000-0000-0000-000000000004', 'b0000000-0000-0000-0000-000000000001', 'Bún Bò Huế',   50000, 'c0000000-0000-0000-0000-000000000001', true),
    -- Món phụ (Side dishes)
    ('d0000000-0000-0000-0000-000000000005', 'b0000000-0000-0000-0000-000000000001', 'Gỏi Cuốn',     25000, 'c0000000-0000-0000-0000-000000000002', true),
    ('d0000000-0000-0000-0000-000000000006', 'b0000000-0000-0000-0000-000000000001', 'Chả Giò',      30000, 'c0000000-0000-0000-0000-000000000002', true),
    ('d0000000-0000-0000-0000-000000000007', 'b0000000-0000-0000-0000-000000000001', 'Gỏi Đu Đủ',    20000, 'c0000000-0000-0000-0000-000000000002', true),
    -- Đồ uống (Drinks)
    ('d0000000-0000-0000-0000-000000000008', 'b0000000-0000-0000-0000-000000000001', 'Trà Đá',       10000, 'c0000000-0000-0000-0000-000000000003', true),
    ('d0000000-0000-0000-0000-000000000009', 'b0000000-0000-0000-0000-000000000001', 'Cà Phê Sữa',   25000, 'c0000000-0000-0000-0000-000000000003', true),
    ('d0000000-0000-0000-0000-00000000000a', 'b0000000-0000-0000-0000-000000000001', 'Nước Chanh',    15000, 'c0000000-0000-0000-0000-000000000003', true),
    -- Tráng miệng (Desserts)
    ('d0000000-0000-0000-0000-00000000000b', 'b0000000-0000-0000-0000-000000000001', 'Chè Thái',     20000, 'c0000000-0000-0000-0000-000000000004', true)
ON CONFLICT (id) DO NOTHING;


-- ============================================================
-- 6. Ingredients
-- ============================================================

INSERT INTO ingredients (id, outlet_id, name, unit) VALUES
    ('e0000000-0000-0000-0000-000000000001', 'b0000000-0000-0000-0000-000000000001', 'Bún',         'g'),
    ('e0000000-0000-0000-0000-000000000002', 'b0000000-0000-0000-0000-000000000001', 'Thịt bò',     'g'),
    ('e0000000-0000-0000-0000-000000000003', 'b0000000-0000-0000-0000-000000000001', 'Nước dùng',   'ml'),
    ('e0000000-0000-0000-0000-000000000004', 'b0000000-0000-0000-0000-000000000001', 'Rau sống',    'g'),
    ('e0000000-0000-0000-0000-000000000005', 'b0000000-0000-0000-0000-000000000001', 'Thịt heo',    'g'),
    ('e0000000-0000-0000-0000-000000000006', 'b0000000-0000-0000-0000-000000000001', 'Bột chiên',   'g'),
    ('e0000000-0000-0000-0000-000000000007', 'b0000000-0000-0000-0000-000000000001', 'Cà phê',      'g'),
    ('e0000000-0000-0000-0000-000000000008', 'b0000000-0000-0000-0000-000000000001', 'Đường',       'g')
ON CONFLICT (id) DO NOTHING;


-- ============================================================
-- 7. Recipes (menu item -> ingredient relationships)
-- ============================================================
-- Quantities represent grams/ml per 1 serving of the menu item

INSERT INTO recipes (menu_item_id, ingredient_id, qty) VALUES
    -- Phở Bò: bún 200g, thịt bò 150g, nước dùng 500ml, rau sống 50g
    ('d0000000-0000-0000-0000-000000000001', 'e0000000-0000-0000-0000-000000000001', 200.000),
    ('d0000000-0000-0000-0000-000000000001', 'e0000000-0000-0000-0000-000000000002', 150.000),
    ('d0000000-0000-0000-0000-000000000001', 'e0000000-0000-0000-0000-000000000003', 500.000),
    ('d0000000-0000-0000-0000-000000000001', 'e0000000-0000-0000-0000-000000000004',  50.000),

    -- Bún Chả: bún 200g, thịt heo 200g, rau sống 80g, nước dùng 100ml
    ('d0000000-0000-0000-0000-000000000002', 'e0000000-0000-0000-0000-000000000001', 200.000),
    ('d0000000-0000-0000-0000-000000000002', 'e0000000-0000-0000-0000-000000000005', 200.000),
    ('d0000000-0000-0000-0000-000000000002', 'e0000000-0000-0000-0000-000000000004',  80.000),
    ('d0000000-0000-0000-0000-000000000002', 'e0000000-0000-0000-0000-000000000003', 100.000),

    -- Cơm Tấm: thịt heo 200g, rau sống 50g
    ('d0000000-0000-0000-0000-000000000003', 'e0000000-0000-0000-0000-000000000005', 200.000),
    ('d0000000-0000-0000-0000-000000000003', 'e0000000-0000-0000-0000-000000000004',  50.000),

    -- Bún Bò Huế: bún 200g, thịt bò 100g, thịt heo 100g, nước dùng 500ml, rau sống 60g
    ('d0000000-0000-0000-0000-000000000004', 'e0000000-0000-0000-0000-000000000001', 200.000),
    ('d0000000-0000-0000-0000-000000000004', 'e0000000-0000-0000-0000-000000000002', 100.000),
    ('d0000000-0000-0000-0000-000000000004', 'e0000000-0000-0000-0000-000000000005', 100.000),
    ('d0000000-0000-0000-0000-000000000004', 'e0000000-0000-0000-0000-000000000003', 500.000),
    ('d0000000-0000-0000-0000-000000000004', 'e0000000-0000-0000-0000-000000000004',  60.000),

    -- Gỏi Cuốn: bún 50g, thịt heo 60g, rau sống 80g
    ('d0000000-0000-0000-0000-000000000005', 'e0000000-0000-0000-0000-000000000001',  50.000),
    ('d0000000-0000-0000-0000-000000000005', 'e0000000-0000-0000-0000-000000000005',  60.000),
    ('d0000000-0000-0000-0000-000000000005', 'e0000000-0000-0000-0000-000000000004',  80.000),

    -- Chả Giò: thịt heo 100g, bột chiên 80g
    ('d0000000-0000-0000-0000-000000000006', 'e0000000-0000-0000-0000-000000000005', 100.000),
    ('d0000000-0000-0000-0000-000000000006', 'e0000000-0000-0000-0000-000000000006',  80.000),

    -- Gỏi Đu Đủ: rau sống 150g, thịt bò 50g
    ('d0000000-0000-0000-0000-000000000007', 'e0000000-0000-0000-0000-000000000004', 150.000),
    ('d0000000-0000-0000-0000-000000000007', 'e0000000-0000-0000-0000-000000000002',  50.000),

    -- Cà Phê Sữa: cà phê 20g, đường 15g
    ('d0000000-0000-0000-0000-000000000009', 'e0000000-0000-0000-0000-000000000007',  20.000),
    ('d0000000-0000-0000-0000-000000000009', 'e0000000-0000-0000-0000-000000000008',  15.000),

    -- Chè Thái: đường 30g
    ('d0000000-0000-0000-0000-00000000000b', 'e0000000-0000-0000-0000-000000000008',  30.000)
ON CONFLICT ON CONSTRAINT uq_recipe_item_ingredient DO NOTHING;


-- ============================================================
-- 8. Inventory (initial stock for all ingredients)
-- ============================================================
-- qty_on_hand: realistic starting stock levels
-- threshold: reorder point (triggers low-stock alerts)

INSERT INTO inventory (outlet_id, ingredient_id, qty_on_hand, threshold) VALUES
    ('b0000000-0000-0000-0000-000000000001', 'e0000000-0000-0000-0000-000000000001', 10000.000, 2000.000),  -- Bún: 10kg, alert at 2kg
    ('b0000000-0000-0000-0000-000000000001', 'e0000000-0000-0000-0000-000000000002',  8000.000, 1500.000),  -- Thịt bò: 8kg, alert at 1.5kg
    ('b0000000-0000-0000-0000-000000000001', 'e0000000-0000-0000-0000-000000000003', 20000.000, 5000.000),  -- Nước dùng: 20L, alert at 5L
    ('b0000000-0000-0000-0000-000000000001', 'e0000000-0000-0000-0000-000000000004',  5000.000, 1000.000),  -- Rau sống: 5kg, alert at 1kg
    ('b0000000-0000-0000-0000-000000000001', 'e0000000-0000-0000-0000-000000000005', 10000.000, 2000.000),  -- Thịt heo: 10kg, alert at 2kg
    ('b0000000-0000-0000-0000-000000000001', 'e0000000-0000-0000-0000-000000000006',  5000.000, 1000.000),  -- Bột chiên: 5kg, alert at 1kg
    ('b0000000-0000-0000-0000-000000000001', 'e0000000-0000-0000-0000-000000000007',  2000.000,  500.000),  -- Cà phê: 2kg, alert at 500g
    ('b0000000-0000-0000-0000-000000000001', 'e0000000-0000-0000-0000-000000000008',  5000.000, 1000.000)   -- Đường: 5kg, alert at 1kg
ON CONFLICT ON CONSTRAINT uq_inventory_outlet_ingredient DO NOTHING;


-- ============================================================
-- 9. Tables (restaurant floor layout)
-- ============================================================
-- Positions spread across the map area (x: 50-700, y: 50-500)
-- Varied capacity and shapes for a realistic floor plan

INSERT INTO tables (id, outlet_id, name, table_code, capacity, shape, status, x, y, rotation) VALUES
    -- Small 2-person tables (square)
    ('f0000000-0000-0000-0000-000000000001', 'b0000000-0000-0000-0000-000000000001', 'Bàn 1',  'T01', 2, 'square',    'empty',  80.0,   80.0,  0),
    ('f0000000-0000-0000-0000-000000000002', 'b0000000-0000-0000-0000-000000000001', 'Bàn 2',  'T02', 2, 'square',    'empty', 220.0,   80.0,  0),
    -- Medium 4-person tables (rectangle)
    ('f0000000-0000-0000-0000-000000000003', 'b0000000-0000-0000-0000-000000000001', 'Bàn 3',  'T03', 4, 'rectangle', 'empty', 400.0,  100.0,  0),
    ('f0000000-0000-0000-0000-000000000004', 'b0000000-0000-0000-0000-000000000001', 'Bàn 4',  'T04', 4, 'rectangle', 'empty', 600.0,  100.0, 90),
    -- Medium 4-person table (round)
    ('f0000000-0000-0000-0000-000000000005', 'b0000000-0000-0000-0000-000000000001', 'Bàn 5',  'T05', 4, 'round',     'empty', 150.0,  300.0,  0),
    -- Large 6-person table (rectangle)
    ('f0000000-0000-0000-0000-000000000006', 'b0000000-0000-0000-0000-000000000001', 'Bàn 6',  'T06', 6, 'rectangle', 'empty', 400.0,  300.0,  0),
    -- Large 8-person tables (round and rectangle)
    ('f0000000-0000-0000-0000-000000000007', 'b0000000-0000-0000-0000-000000000001', 'Bàn 7',  'T07', 8, 'round',     'empty', 200.0,  470.0,  0),
    ('f0000000-0000-0000-0000-000000000008', 'b0000000-0000-0000-0000-000000000001', 'Bàn 8',  'T08', 8, 'rectangle', 'empty', 550.0,  470.0,  0)
ON CONFLICT (id) DO NOTHING;


COMMIT;
